GEOID,DISTRICT
2616310,1
2616320,1
2616330,1
2616340,1
2616350,1
2616360,1
2616370,1
2616380,1
2616390,1
26163100,1
26163110,1
26163120,1
26163130,1
26163140,1
26163150,1
26163160,1
26163170,1
26163180,1
26163190,1
26163200,1
26163210,1
26163220,1
26163230,1
26163240,1
26163250,1
26163260,1
26163270,1
26163280,1
26163290,1
26163300,1
26163310,1
26163320,1
26163330,1
26163340,1
26163350,1
26163360,1
26163370,1
26163380,1
26163390,1
26163400,1
26163410,1
26163420,1
26163430,1
26163440,1
26163450,1
26163460,1
26163470,1
26163480,1
26163490,1
26163500,1
26163510,1
26163520,1
26163530,1
26163540,1
26163550,1
26163560,1
26163570,1
26163580,1
26163590,1
26163600,1
26163610,1
26163620,1
26163630,1
26163640,1
26163650,1
26163660,1
26163670,1
26163680,1
26163690,1
26163700,1
26163710,1
26163720,1
26163730,1
26163740,1
26163750,1
26163760,1
26163770,1
26163780,1
26163790,1
26163800,1
26163810,1
26163820,1
26163830,1
26163840,1
26163850,1
26163860,1
26163870,1
26163880,1
26163890,1
26163900,1
26163910,1
26163920,1
26163930,1
26163940,1
26163950,1
26163960,1
26163970,1
26163980,1
26163990,1
261631000,1
261631010,1
261631020,1
261631030,1
261631040,1
261631050,1
261631060,1
261631070,1
261631080,1
261631090,1
261631100,1
261631110,1
261631120,1
261631130,1
261631140,1
261631150,1
261631160,1
261631170,1
261631180,1
261631190,1
261631200,1
261631210,1
261631220,1
261631230,1
261631240,1
261631250,1
261631260,1
261631270,1
261631280,1
261631290,1
261631300,1
261631310,1
261631320,1
261631330,1
261631340,1
261631350,1
261631360,1
261631370,1
261631380,1
261631390,1
261631400,1
261631410,1
261631420,1
261631430,1
261631440,1
261631450,1
261631460,1
261631470,1
261631480,1
261631490,1
261631500,1
261631510,1
261631520,1
261631530,1
261631540,1
261631550,1
261631560,1
261631570,1
261631580,1
261631590,1
261631600,1
261631610,1
261631620,1
261631630,1
261631640,1
261631650,1
261631660,1
261631670,1
261631680,1
261631690,1
261631700,1
261631710,1
261631720,1
261631730,1
261631740,1
261631750,1
261631760,1
261631770,1
261631780,1
261631790,1
261631800,1
261631810,1
261631820,1
261631830,1
261631840,1
261631850,1
261631860,1
261631870,1
261631880,1
261631890,1
261631900,1
261631910,1
261631920,1
261631930,1
261631940,1
261631950,1
261631960,1
261631970,1
261631980,1
261631990,1
261632000,1
261632010,1
261632020,1
261632030,1
261632040,1
261632050,1
261632060,1
261632070,1
261632080,1
261632090,1
261632100,1
261632110,1
261632120,1
261632130,1
261632140,1
261632150,1
261632170,1
261632180,1
261632190,1
261632200,1
261632210,1
261632220,1
261632230,1
261632240,1
261632250,1
261632260,1
261632270,1
261632280,1
261632290,1
261632300,1
261632310,1
261632320,1
261632330,1
261632340,1
261632350,1
261632360,1
261632370,1
261632380,1
261632390,1
261632400,1
261632410,1
261632420,1
261632430,1
261632440,1
261632450,1
261632460,1
261632470,1
261632480,1
261632490,1
261632500,1
261632510,1
261632520,1
261632530,1
261632540,1
261632550,1
261632560,1
261632570,1
261632580,1
261632590,1
261632600,1
261632610,1
261632620,1
261632640,1
261632650,1
261632660,1
261632670,1
261632680,1
261632690,1
261632700,1
261632710,1
261632720,1
261632730,1
261632740,1
261632750,1
261632760,1
261632770,1
261632780,1
261632790,1
261632800,1
261632820,1
261632830,1
261632840,1
261632850,1
261632860,1
261632870,1
261632880,1
261632890,1
261632900,1
261632910,1
261632920,1
261632930,1
261632940,1
261632950,1
261632960,1
261632980,1
261632990,1
261633000,1
261633010,1
261633020,1
261633030,1
261633040,1
261633050,1
261633060,1
261633070,1
261633080,1
261633090,1
261633100,1
261633110,1
261633120,1
261633130,1
261633140,1
261633150,1
261633160,1
261633170,1
261633180,1
261633190,1
261633200,1
261633210,1
261633220,1
261633230,1
261633240,1
261633250,1
261633260,1
261633270,1
261633280,1
261633290,1
261633300,1
261633310,1
261633320,1
261633330,1
261633340,1
261633350,1
261633360,1
261633370,1
261633380,1
261633390,1
261633400,1
261633410,1
261633420,1
261633430,1
261633440,1
261633450,1
261633460,1
261633470,1
261633480,1
261633490,1
261633500,1
261633510,1
261633520,1
261633530,1
261633540,1
261633550,1
261633560,1
261633570,1
261633580,1
261633590,1
261633600,1
261633610,1
261633620,1
261633630,1
261633640,1
261633660,1
261633670,1
261633680,1
261633690,1
261633700,1
261633710,1
261633720,1
261633730,1
261633740,1
261633750,1
261633760,1
261633770,1
261633780,1
261633790,1
261633800,1
261633810,1
261633820,1
261633830,1
261633840,1
261633850,1
261633860,1
261633870,1
261633880,1
261633890,1
261633900,1
261633910,1
261633920,1
261633930,1
261633940,1
261633950,1
261633960,1
261633970,1
261633980,1
261633990,1
261634000,1
261634010,1
261634020,1
261634030,1
261634040,1
261634050,1
261634060,1
261634070,1
261634080,1
261634090,1
261634100,1
261634110,1
261634120,1
261634130,1
261634140,1
261634150,1
261634160,1
261634170,1
261634180,1
261634190,1
261634200,1
261634210,1
261634220,1
261634230,1
261634240,1
261634250,1
261634260,1
261634270,1
261634280,1
261634290,1
261634300,1
261634310,1
261634320,1
261634330,1
261634340,1
261634350,1
261634360,1
261634370,1
261634380,1
261634390,1
261634400,1
261634410,1
261634420,1
261634430,1
261634440,1
261634450,1
261634460,1
261634470,1
261634480,1
261634490,1
261634500,1
261634510,1
261634520,1
261634530,1
261634540,1
261634550,1
261634560,1
261634570,1
261634580,1
261634590,1
261634600,1
261634610,1
261634620,1
261634630,1
261634640,1
261634650,1
261634660,1
261634670,1
261634680,1
261634690,1
261634700,1
261634710,1
261634720,1
261634730,1
261634740,1
261634750,1
261634760,1
261634770,1
261634780,1
261634790,1
261634800,1
261634810,1
261634820,1
261634830,1
261634840,1
261634850,1
261634860,1
261634870,1
261634880,1
261634890,1
261634900,1
261634910,1
261634920,1
261634930,1
261634940,1
261634950,1
261634960,1
261634970,1
261634980,1
261634990,1
261635000,1
261635010,1
261635020,1
261635050,1
261635060,1
261635070,1
261635080,1
261635090,1
261635100,1
261635110,1
261635120,1
261635130,1
261635140,1
261635150,1
261635160,1
261635170,1
261635180,1
261635190,1
261635200,1
261635210,1
261635220,1
261635230,1
261635240,1
261635250,1
261635260,1
261635270,1
261635280,1
261635290,1
261635300,1
261635310,1
261635320,1
261635330,1
261635340,1
261635350,1
261635360,1
261635370,1
261635380,1
261635390,1
261635400,1
261635410,1
261635420,1
261635430,1
261635440,1
261635450,1
261635460,1
261635470,1
261635480,1
261635490,1
261635500,1
261635510,1
261635520,1
261635530,1
261635540,1
261635550,1
261635560,1
261635570,1
261635580,1
261635590,1
261635600,1
261635610,1
261635620,1
261635630,1
261635640,1
261635650,1
261635660,1
261635670,1
261635680,1
261635690,1
261635700,1
261635710,1
261635720,1
261635730,1
261635740,1
261635750,1
261635760,1
261635770,1
261635780,1
261635790,1
261635800,1
261635810,1
261635820,1
261635830,1
261635840,1
261635850,1
261635860,1
261635870,1
261635880,1
261635890,1
261635900,1
261635910,1
261635920,1
261635930,1
261635940,1
261635950,1
261635960,1
261635970,1
261635980,1
261635990,1
261636000,1
261636010,1
261636020,1
261636030,1
261636040,1
261636050,1
261636060,1
261636070,1
261636080,1
261636090,1
261636100,1
261636110,1
261636120,1
261636130,1
261636140,1
261636150,1
261636160,1
261636170,1
261636180,1
261636190,1
261636200,1
261636210,1
261636220,1
261636230,1
261636240,1
261636250,1
261636260,1
261636270,1
261636280,1
261636290,1
261636300,1
261636310,1
261636320,1
261636330,1
261636340,1
261636350,1
261636360,1
261636370,1
261636380,1
261636390,1
261636400,1
261636410,1
261636420,1
261636430,1
261636440,1
261636450,1
261636460,1
261636470,1
261636480,1
261636490,1
261636500,1
261636510,1
261636520,1
261636530,1
261636540,1
261636550,1
261636560,1
261636570,1
261636580,1
261636590,1
261636600,1
261636610,1
261636620,1
261636630,1
261636640,1
261636650,1
261636660,1
261636670,1
261636680,1
261636690,1
261636700,1
261636710,1
261636720,1
261636730,1
261636740,1
261636750,1
261636760,1
261636770,1
261636780,1
261636790,1
261636800,1
261636810,1
261636820,1
261636830,1
261636840,1
261636850,1
261636860,1
261636870,1
261636880,1
261636890,1
261636900,1
261636910,1
261636920,1
261636930,1
261636940,1
261636950,1
261636960,1
261636970,1
261636980,1
261636990,1
261637000,1
261637010,1
261637020,1
261637030,1
261637040,1
261637050,1
261637060,1
261637070,1
261637080,1
261637090,1
261637100,1
261637110,1
261637120,1
261637130,1
261637140,1
261637150,1
261637160,1
261637170,1
261637180,1
261637190,1
261637200,1
261637210,1
261637220,1
261637230,1
261637240,1
261637250,1
261637260,1
261637270,1
261637280,1
261637290,1
261637300,1
261637310,1
261637320,1
261637330,1
261637340,1
261637350,1
261637360,1
261637370,1
261637380,1
261637390,1
261637400,1
261637410,1
261637420,1
261637430,1
261637440,1
261637450,1
261637460,1
261637470,1
261637480,1
261637490,1
261637500,1
261637510,1
261637520,1
261637530,1
261637540,1
261637550,1
261637560,1
261637570,1
261637580,1
261637590,1
261637600,1
261637610,1
261637620,1
261637630,1
261637640,1
261637650,1
261637660,1
261637670,1
261637680,1
261637690,1
261637700,1
261637710,1
261637720,1
261637730,1
261637740,1
261637750,1
261637760,1
261637770,1
261637780,1
261637790,1
261637800,1
261637810,1
261637820,1
261637830,1
261637840,1
261637850,1
261637860,1
261637870,1
261637880,1
261637890,1
261637900,1
261637910,1
261637920,1
261637930,1
261637940,1
261637950,1
261637960,1
261637970,1
261637980,1
261637990,1
261638000,1
261638010,1
261638020,1
261638030,1
261638040,1
261638050,1
261638060,1
261638070,1
261638080,1
261638090,1
261638100,1
261638110,1
261638120,1
261638130,1
261638140,1
261638150,1
261638160,1
261638170,1
261638180,1
261638190,1
261638200,1
261638210,1
261638220,1
261638230,1
261638240,1
261638250,1
261638260,1
261638270,1
261638280,1
261638290,1
261638300,1
261638310,1
261638320,1
261638330,1
261638340,1
261638350,1
261638360,1
261638370,1
261638380,1
261638390,1
261638400,1
261638410,1
261638420,1
261638430,1
261638440,1
261638450,1
261638460,1
261638470,1
261638480,1
261638490,1
261638500,1
261638510,1
261638520,1
261638530,1
261638540,1
261638550,1
261638560,1
261638570,1
261638580,1
261638590,1
261638600,1
261638610,1
261638620,1
261638630,1
261638640,1
261638650,1
261638660,1
261638670,1
261638680,1
261638690,1
261638700,1
261638710,1
261638720,1
261638730,1
261638740,1
261638750,1
261638760,1
261638770,1
261638780,1
261638790,1
261638800,1
261638810,1
261638820,1
261638830,1
261638840,1
261638850,1
261638860,1
261638870,1
261638880,1
261638890,1
261638900,1
261638910,1
261638920,1
261638930,1
261638940,1
261638950,1
261638960,1
261638970,1
261638980,1
261638990,1
261639000,1
261639010,1
261639020,1
261639030,1
261639040,1
261639050,1
261639060,1
261639070,1
261639080,1
261639090,1
261639100,1
261639110,1
261639120,1
261639130,1
261639140,1
261639150,1
261639160,1
261639170,1
261639180,1
261639190,1
261639200,1
261639210,1
261639220,1
261639230,1
261639240,1
261639250,1
261639260,1
261639270,1
261639280,1
261639290,1
261639300,1
261639310,1
261639320,1
261639330,1
261639340,1
261639350,1
261639360,1
261639370,1
261639380,1
261639390,1
261639400,1
261639410,1
261639420,1
261639430,1
261639440,1
261639450,1
261639460,1
261639470,1
261639480,1
261639490,1
261639500,1
261639510,1
261639520,1
261639530,1
261639540,1
261639550,1
261639560,1
261639570,1
261639580,1
261639590,1
261639600,1
261639610,1
261639620,1
261639630,1
261639640,1
261639650,1
261639660,1
261639670,1
261639680,1
261639690,1
261639700,1
261639710,1
261639720,1
261639730,1
261639740,1
261639750,1
261639760,1
261639770,1
261639780,1
261639790,1
261639800,1
261639810,1
261639820,1
261639830,1
261639840,1
261639850,1
261639860,1
261639870,1
261639880,1
261639890,1
261639900,1
261639910,1
261639920,1
261639930,1
261639940,1
261639950,1
261639960,1
261639970,1
261639980,1
261639990,1
2616310000,1
2616310010,1
2616310020,1
2616310030,1
2616310040,1
2616310050,1
2616310060,1
2616310070,1
2616310080,1
2616310090,1
2616310100,1
2616310110,1
2616310120,1
2616310130,1
2616310140,1
2616310150,1
2616310160,1
2616310170,1
2616310180,1
2616310190,1
2616310200,1
2616310210,1
2616310220,1
2616310230,1
2616310240,1
2616310250,1
2616310260,1
2616310270,1
2616310280,1
2616310290,1
2616310300,1
2616310310,1
2616310320,1
2616310330,1
2616310340,1
2616310350,1
2616310360,1
2616310370,1
2616310380,1
2616310390,1
2616310400,1
2616310410,1
2616310420,1
2616310430,1
2616310440,1
2616310450,1
2616310460,1
2616310470,1
2616310480,1
2616310490,1
2616310500,1
2616310510,1
2616310520,1
2616310530,1
2616310540,1
2616310550,1
2616310560,1
2616310570,1
2616310580,1
2616310590,1
2616310600,1
2616310610,1
2616310620,1
2616310630,1
2616310640,1
2616310650,1
2616310660,1
2616310670,1
2616310680,1
2616310690,1
2616310700,1
2616310710,1
2616310720,1
2616310730,1
2616310740,1
2616310750,1
2616310760,1
